{"assets/images/logo/icon.png":["assets/images/logo/icon.png"],"assets/images/logo/logo.png":["assets/images/logo/logo.png"],"assets/images/map_4x4.png":["assets/images/map_4x4.png"],"assets/images/map_5x6.png":["assets/images/map_5x6.png"],"assets/images/map_6x8.png":["assets/images/map_6x8.png"],"assets/images/retro.svg":["assets/images/retro.svg"],"assets/images/retro/0.svg":["assets/images/retro/0.svg"],"assets/images/retro/1.svg":["assets/images/retro/1.svg"],"assets/images/retro/10.svg":["assets/images/retro/10.svg"],"assets/images/retro/11.svg":["assets/images/retro/11.svg"],"assets/images/retro/12.svg":["assets/images/retro/12.svg"],"assets/images/retro/13.svg":["assets/images/retro/13.svg"],"assets/images/retro/14.svg":["assets/images/retro/14.svg"],"assets/images/retro/15.svg":["assets/images/retro/15.svg"],"assets/images/retro/16.svg":["assets/images/retro/16.svg"],"assets/images/retro/17.svg":["assets/images/retro/17.svg"],"assets/images/retro/18.svg":["assets/images/retro/18.svg"],"assets/images/retro/19.svg":["assets/images/retro/19.svg"],"assets/images/retro/2.svg":["assets/images/retro/2.svg"],"assets/images/retro/20.svg":["assets/images/retro/20.svg"],"assets/images/retro/21.svg":["assets/images/retro/21.svg"],"assets/images/retro/22.svg":["assets/images/retro/22.svg"],"assets/images/retro/23.svg":["assets/images/retro/23.svg"],"assets/images/retro/3.svg":["assets/images/retro/3.svg"],"assets/images/retro/4.svg":["assets/images/retro/4.svg"],"assets/images/retro/5.svg":["assets/images/retro/5.svg"],"assets/images/retro/6.svg":["assets/images/retro/6.svg"],"assets/images/retro/7.svg":["assets/images/retro/7.svg"],"assets/images/retro/8.svg":["assets/images/retro/8.svg"],"assets/images/retro/9.svg":["assets/images/retro/9.svg"],"packages/cupertino_icons/assets/CupertinoIcons.ttf":["packages/cupertino_icons/assets/CupertinoIcons.ttf"]}